{
  "HARDWARE": {
    "PHYSICAL_MEMORY": 16756109312,
    "CORE_COUNT": 2
  },
  "RUN_DETAILS": {
    "VERSION": "10.000 R05 Gold ",
    "SIMULATION_DATE": 20240816
  },
  "MODEL_DETAILS": {
    "MODEL_NAME": "RPS_000_SPS_000",
    "MODEL_DESCRIPTION": "",
    "SOLVER": "Gurobi 10.0.2",
    "PERIODS_PER_DAY": 24,
    "PHASES": "LTPlan",
    "CLASS_COUNT": {
      "System": 1,
      "Generator": 200,
      "Fuel": 28,
      "Battery": 2,
      "Emission": 8,
      "Reserve": 1,
      "Region": 1,
      "Zone": 5,
      "Node": 1,
      "Constraint": 17,
      "DataFile": 19,
      "Variable": 14,
      "Storage": 2
    },
    "PHASE_STEP_COUNT": {
      "LT Plan": 6
    },
    "PHASE_DATE_RANGE": {
      "LT Plan": {
        "From": 20230101,
        "To": 20280101
      }
    },
    "PHASE_STEP_PERIOD_COUNT": {
      "LT Plan": 720
    },
    "PHASE_TASK_SIZE": {
      "LT Plan": {
        "Rows": 14927,
        "Columns": 142862,
        "Integers": 50,
        "Cones": 0,
        "Non-Zeros": 230097
      }
    },
    "PHASE_TIME": {
      "LT-Plan": "00:07:24.3974958"
    },
    "PHASE_PEAK_MEMORY": {
      "LT Plan": 4935892992
    },
    "MODEL_PROPERTIES": {
      "System.Generators": {
        "Simultaneous Pump and Generation": 1,
        "Units": 1,
        "Max Capacity": 1,
        "Min Stable Factor": 1,
        "Heat Rate": 1,
        "Heat Rate Base": 1,
        "Heat Rate Incr": 1,
        "VO\u0026M Charge": 1,
        "FO\u0026M Charge": 1,
        "Start Cost": 1,
        "Rating Factor": 1,
        "Min Up Time": 1,
        "Min Down Time": 1,
        "Must-Run Units": 1,
        "Pump Efficiency": 1,
        "Pump Units": 1,
        "Price Following": 1,
        "Load Following Factor": 1,
        "Firm Capacity": 1,
        "Build Cost": 1,
        "Project Start Date": 1,
        "Levelized Capital Carrying Rate": 1,
        "Economic Life": 1,
        "Max Units Built": 1,
        "Max Units Built in Year": 1
      },
      "Generator.Fuels": {
        "Transport Charge": 1
      },
      "Generator.Constraints": {
        "Generation Coefficient": 1,
        "Pump Load Coefficient": 1,
        "Installed Capacity Coefficient": 1,
        "Units Built Coefficient": 1
      },
      "System.Fuels": {
        "Price": 1
      },
      "System.Batteries": {
        "Simultaneous Charge and Discharge": 1,
        "Units": 1,
        "Capacity": 1,
        "Max Power": 1,
        "Max SoC": 1,
        "Min SoC": 1,
        "Initial SoC": 1,
        "Charge Efficiency": 1,
        "Discharge Efficiency": 1,
        "VO\u0026M Charge": 1,
        "FO\u0026M Charge": 1,
        "Max Units Built": 1,
        "Project Start Date": 1,
        "Build Cost": 1,
        "Economic Life": 1,
        "Max Units Built in Year": 1,
        "Levelized Capital Carrying Rate": 1
      },
      "Battery.Constraints": {
        "Generation Coefficient": 1,
        "Load Coefficient": 1,
        "Generation Capacity Coefficient": 1,
        "Units Built Coefficient": 1
      },
      "System.Storages": {
        "Model": 1,
        "Decomposition Method": 1,
        "Units": 1
      },
      "System.Emissions": {
        "Price": 1,
        "Shadow Price": 1
      },
      "Emission.Generators": {
        "Fuel Production Rate": 1
      },
      "Emission.Fuels": {
        "Production Rate": 1
      },
      "System.Reserves": {
        "Type": 1,
        "VoRS": 1
      },
      "Reserve.Regions": {
        "Load Risk": 1
      },
      "System.Regions": {
        "Load": 1,
        "VoLL": 1
      },
      "Region.Constraints": {
        "Load Coefficient": 1
      },
      "System.Zones": {
        "Load Participation Factor": 1,
        "Min Capacity Reserve Margin": 1
      },
      "System.Constraints": {
        "Sense": 1,
        "Include in LT Plan": 1,
        "RHS": 1,
        "RHS Month": 1,
        "RHS Year": 1,
        "Penalty Price": 1
      },
      "System.Variables": {
        "Profile": 1
      }
    },
    "MODEL_REPORT_PROPERTIES": {
      "System.Generators": {
        "Generation": 1,
        "Pump Load": 1,
        "Installed Capacity": 1,
        "Units Built": 1,
        "Units Retired": 1,
        "Capacity Built": 1,
        "Capacity Retired": 1,
        "Build Cost": 1
      },
      "System.Batteries": {
        "Generation": 1,
        "Load": 1,
        "Installed Capacity": 1,
        "Units Built": 1,
        "Capacity Built": 1,
        "Build Cost": 1,
        "Units Retired": 1
      },
      "System.Storages": {
        "Pump Load": 1
      },
      "System.Emissions": {
        "Production": 1
      },
      "System.Regions": {
        "Load": 1,
        "Native Load": 1,
        "Imports": 1,
        "Exports": 1,
        "Net Interchange": 1,
        "Transmission Losses": 1,
        "Unserved Energy Hours": 1,
        "Unserved Energy": 1,
        "Unserved Energy Factor": 1,
        "Max Unserved Energy": 1,
        "Dump Energy Hours": 1,
        "Dump Energy": 1,
        "Hours Generation Curtailed": 1,
        "Generation Capacity Curtailed": 1,
        "Total System Cost": 1,
        "Peak Load": 1,
        "Generation Capacity": 1,
        "Min Capacity Reserves": 1,
        "Capacity Reserves": 1,
        "Min Capacity Reserve Margin": 1,
        "Planning Peak Load": 1,
        "Generation Capacity Built": 1,
        "Generation Capacity Retired": 1,
        "Capacity Shortage": 1,
        "Capacity Shadow Price": 1,
        "Capacity Price": 1,
        "Generator Build Cost": 1,
        "Total Cost": 1,
        "Levelized Cost": 1
      },
      "System.Zones": {
        "Peak Load": 1,
        "Min Capacity Reserves": 1,
        "Capacity Reserves": 1,
        "Min Capacity Reserve Margin": 1,
        "Capacity Reserve Margin": 1
      }
    },
    "MODEL_COMPLETED_TIME": "00:07:44.1403147"
  }
}